{
  "metadata": {
    "exported_at": "2026-01-02T18:12:24.880120",
    "total_results": 16,
    "format": "json"
  },
  "results": [
    {
      "url": "http://localhost:3000/challenges",
      "status": 200,
      "success": true,
      "title": "Login",
      "links": [
        "http://localhost:3000/vendor/css-hamburgers/hamburgers.min.css",
        "http://localhost:3000/vendor/font-awesome-5/css/fontawesome-all.min.css",
        "http://localhost:3000/vendor/slick/slick.css",
        "http://localhost:3000/css/theme.css",
        "http://localhost:3000/vendor/perfect-scrollbar/perfect-scrollbar.css",
        "http://localhost:3000/vendor/wow/animate.css",
        "http://localhost:3000/vendor/bootstrap-4.1/bootstrap.min.css",
        "http://localhost:3000/register",
        "http://localhost:3000/css/font-face.css",
        "http://localhost:3000/vendor/mdi-font/css/material-design-iconic-font.min.css",
        "http://localhost:3000/vendor/bootstrap-progressbar/bootstrap-progressbar-3.3.4.min.css",
        "http://localhost:3000/vendor/animsition/animsition.min.css",
        "http://localhost:3000/vendor/font-awesome-4.7/css/font-awesome.min.css",
        "http://localhost:3000/vendor/select2/select2.min.css"
      ],
      "depth": 0,
      "timestamp": "2026-01-02T18:12:15.618241",
      "error": null,
      "headers": {
        "connection": "keep-alive",
        "content-length": "6631",
        "content-type": "text/html; charset=utf-8",
        "date": "Fri, 02 Jan 2026 18:12:15 GMT",
        "etag": "W/\"19e7-SzZGcIhcOK5LzDmfGpV+xp7U5CQ\"",
        "keep-alive": "timeout=5",
        "x-powered-by": "Express"
      }
    },
    {
      "url": "http://localhost:3000/vendor/css-hamburgers/hamburgers.min.css",
      "status": 200,
      "success": true,
      "title": "",
      "links": [],
      "depth": 1,
      "timestamp": "2026-01-02T18:12:16.480246",
      "error": null,
      "headers": {
        "accept-ranges": "bytes",
        "cache-control": "public, max-age=0",
        "content-length": "22178",
        "content-type": "text/css; charset=UTF-8",
        "date": "Fri, 02 Jan 2026 18:12:16 GMT",
        "etag": "W/\"56a2-19b59db9b38\"",
        "last-modified": "Fri, 26 Dec 2025 08:52:03 GMT",
        "x-powered-by": "Express"
      }
    },
    {
      "url": "http://localhost:3000/vendor/font-awesome-5/css/fontawesome-all.min.css",
      "status": 200,
      "success": true,
      "title": "",
      "links": [],
      "depth": 1,
      "timestamp": "2026-01-02T18:12:17.027338",
      "error": null,
      "headers": {
        "accept-ranges": "bytes",
        "cache-control": "public, max-age=0",
        "content-length": "35363",
        "content-type": "text/css; charset=UTF-8",
        "date": "Fri, 02 Jan 2026 18:12:17 GMT",
        "etag": "W/\"8a23-19b59db9b38\"",
        "last-modified": "Fri, 26 Dec 2025 08:52:03 GMT",
        "x-powered-by": "Express"
      }
    },
    {
      "url": "http://localhost:3000/vendor/slick/slick.css",
      "status": 200,
      "success": true,
      "title": "",
      "links": [],
      "depth": 1,
      "timestamp": "2026-01-02T18:12:17.482876",
      "error": null,
      "headers": {
        "accept-ranges": "bytes",
        "cache-control": "public, max-age=0",
        "content-length": "1895",
        "content-type": "text/css; charset=UTF-8",
        "date": "Fri, 02 Jan 2026 18:12:17 GMT",
        "etag": "W/\"767-19b59db9b38\"",
        "last-modified": "Fri, 26 Dec 2025 08:52:03 GMT",
        "x-powered-by": "Express"
      }
    },
    {
      "url": "http://localhost:3000/css/theme.css",
      "status": 200,
      "success": true,
      "title": "",
      "links": [],
      "depth": 1,
      "timestamp": "2026-01-02T18:12:17.950018",
      "error": null,
      "headers": {
        "accept-ranges": "bytes",
        "cache-control": "public, max-age=0",
        "content-length": "235413",
        "content-type": "text/css; charset=UTF-8",
        "date": "Fri, 02 Jan 2026 18:12:18 GMT",
        "etag": "W/\"39795-19b59db9b38\"",
        "last-modified": "Fri, 26 Dec 2025 08:52:03 GMT",
        "x-powered-by": "Express"
      }
    },
    {
      "url": "http://localhost:3000/vendor/perfect-scrollbar/perfect-scrollbar.css",
      "status": 200,
      "success": true,
      "title": "",
      "links": [],
      "depth": 1,
      "timestamp": "2026-01-02T18:12:18.469060",
      "error": null,
      "headers": {
        "accept-ranges": "bytes",
        "cache-control": "public, max-age=0",
        "content-length": "2714",
        "content-type": "text/css; charset=UTF-8",
        "date": "Fri, 02 Jan 2026 18:12:18 GMT",
        "etag": "W/\"a9a-19b59db9b38\"",
        "last-modified": "Fri, 26 Dec 2025 08:52:03 GMT",
        "x-powered-by": "Express"
      }
    },
    {
      "url": "http://localhost:3000/vendor/wow/animate.css",
      "status": 200,
      "success": true,
      "title": "",
      "links": [],
      "depth": 1,
      "timestamp": "2026-01-02T18:12:18.977006",
      "error": null,
      "headers": {
        "accept-ranges": "bytes",
        "cache-control": "public, max-age=0",
        "content-length": "78546",
        "content-type": "text/css; charset=UTF-8",
        "date": "Fri, 02 Jan 2026 18:12:19 GMT",
        "etag": "W/\"132d2-19b59db9b38\"",
        "last-modified": "Fri, 26 Dec 2025 08:52:03 GMT",
        "x-powered-by": "Express"
      }
    },
    {
      "url": "http://localhost:3000/vendor/bootstrap-4.1/bootstrap.min.css",
      "status": 200,
      "success": true,
      "title": "",
      "links": [],
      "depth": 1,
      "timestamp": "2026-01-02T18:12:19.449960",
      "error": null,
      "headers": {
        "accept-ranges": "bytes",
        "cache-control": "public, max-age=0",
        "content-length": "140432",
        "content-type": "text/css; charset=UTF-8",
        "date": "Fri, 02 Jan 2026 18:12:19 GMT",
        "etag": "W/\"22490-19b59db9b38\"",
        "last-modified": "Fri, 26 Dec 2025 08:52:03 GMT",
        "x-powered-by": "Express"
      }
    },
    {
      "url": "http://localhost:3000/register",
      "status": 200,
      "success": true,
      "title": "Register",
      "links": [
        "http://localhost:3000/vendor/css-hamburgers/hamburgers.min.css",
        "http://localhost:3000/vendor/font-awesome-5/css/fontawesome-all.min.css",
        "http://localhost:3000/vendor/slick/slick.css",
        "http://localhost:3000/css/theme.css",
        "http://localhost:3000/vendor/perfect-scrollbar/perfect-scrollbar.css",
        "http://localhost:3000/vendor/wow/animate.css",
        "http://localhost:3000/vendor/bootstrap-4.1/bootstrap.min.css",
        "http://localhost:3000/css/font-face.css",
        "http://localhost:3000/vendor/mdi-font/css/material-design-iconic-font.min.css",
        "http://localhost:3000/vendor/bootstrap-progressbar/bootstrap-progressbar-3.3.4.min.css",
        "http://localhost:3000/vendor/animsition/animsition.min.css",
        "http://localhost:3000/vendor/font-awesome-4.7/css/font-awesome.min.css",
        "http://localhost:3000/vendor/select2/select2.min.css",
        "http://localhost:3000/login"
      ],
      "depth": 1,
      "timestamp": "2026-01-02T18:12:19.966289",
      "error": null,
      "headers": {
        "connection": "keep-alive",
        "content-length": "5540",
        "content-type": "text/html; charset=utf-8",
        "date": "Fri, 02 Jan 2026 18:12:20 GMT",
        "etag": "W/\"15a4-CUontx9eUG/j1YBHwPsWTnTW4OI\"",
        "keep-alive": "timeout=5",
        "x-powered-by": "Express"
      }
    },
    {
      "url": "http://localhost:3000/css/font-face.css",
      "status": 200,
      "success": true,
      "title": "",
      "links": [],
      "depth": 1,
      "timestamp": "2026-01-02T18:12:20.496243",
      "error": null,
      "headers": {
        "accept-ranges": "bytes",
        "cache-control": "public, max-age=0",
        "content-length": "14219",
        "content-type": "text/css; charset=UTF-8",
        "date": "Fri, 02 Jan 2026 18:12:20 GMT",
        "etag": "W/\"378b-19b59db9b38\"",
        "last-modified": "Fri, 26 Dec 2025 08:52:03 GMT",
        "x-powered-by": "Express"
      }
    },
    {
      "url": "http://localhost:3000/vendor/mdi-font/css/material-design-iconic-font.min.css",
      "status": 200,
      "success": true,
      "title": "",
      "links": [],
      "depth": 1,
      "timestamp": "2026-01-02T18:12:21.487444",
      "error": null,
      "headers": {
        "accept-ranges": "bytes",
        "cache-control": "public, max-age=0",
        "content-length": "70815",
        "content-type": "text/css; charset=UTF-8",
        "date": "Fri, 02 Jan 2026 18:12:21 GMT",
        "etag": "W/\"1149f-19b59db9b38\"",
        "last-modified": "Fri, 26 Dec 2025 08:52:03 GMT",
        "x-powered-by": "Express"
      }
    },
    {
      "url": "http://localhost:3000/vendor/bootstrap-progressbar/bootstrap-progressbar-3.3.4.min.css",
      "status": 200,
      "success": true,
      "title": "",
      "links": [],
      "depth": 1,
      "timestamp": "2026-01-02T18:12:22.037392",
      "error": null,
      "headers": {
        "accept-ranges": "bytes",
        "cache-control": "public, max-age=0",
        "content-length": "5015",
        "content-type": "text/css; charset=UTF-8",
        "date": "Fri, 02 Jan 2026 18:12:22 GMT",
        "etag": "W/\"1397-19b59db9b38\"",
        "last-modified": "Fri, 26 Dec 2025 08:52:03 GMT",
        "x-powered-by": "Express"
      }
    },
    {
      "url": "http://localhost:3000/vendor/animsition/animsition.min.css",
      "status": 200,
      "success": true,
      "title": "",
      "links": [],
      "depth": 1,
      "timestamp": "2026-01-02T18:12:22.533484",
      "error": null,
      "headers": {
        "accept-ranges": "bytes",
        "cache-control": "public, max-age=0",
        "content-length": "27484",
        "content-type": "text/css; charset=UTF-8",
        "date": "Fri, 02 Jan 2026 18:12:22 GMT",
        "etag": "W/\"6b5c-19b59db9b38\"",
        "last-modified": "Fri, 26 Dec 2025 08:52:03 GMT",
        "x-powered-by": "Express"
      }
    },
    {
      "url": "http://localhost:3000/vendor/font-awesome-4.7/css/font-awesome.min.css",
      "status": 200,
      "success": true,
      "title": "",
      "links": [],
      "depth": 1,
      "timestamp": "2026-01-02T18:12:23.083581",
      "error": null,
      "headers": {
        "accept-ranges": "bytes",
        "cache-control": "public, max-age=0",
        "content-length": "31004",
        "content-type": "text/css; charset=UTF-8",
        "date": "Fri, 02 Jan 2026 18:12:23 GMT",
        "etag": "W/\"791c-19b59db9b38\"",
        "last-modified": "Fri, 26 Dec 2025 08:52:03 GMT",
        "x-powered-by": "Express"
      }
    },
    {
      "url": "http://localhost:3000/vendor/select2/select2.min.css",
      "status": 200,
      "success": true,
      "title": "",
      "links": [],
      "depth": 1,
      "timestamp": "2026-01-02T18:12:23.581740",
      "error": null,
      "headers": {
        "accept-ranges": "bytes",
        "cache-control": "public, max-age=0",
        "content-length": "15196",
        "content-type": "text/css; charset=UTF-8",
        "date": "Fri, 02 Jan 2026 18:12:23 GMT",
        "etag": "W/\"3b5c-19b59db9b38\"",
        "last-modified": "Fri, 26 Dec 2025 08:52:03 GMT",
        "x-powered-by": "Express"
      }
    },
    {
      "url": "http://localhost:3000/login",
      "status": 200,
      "success": true,
      "title": "Login",
      "links": [
        "http://localhost:3000/vendor/css-hamburgers/hamburgers.min.css",
        "http://localhost:3000/vendor/font-awesome-5/css/fontawesome-all.min.css",
        "http://localhost:3000/vendor/slick/slick.css",
        "http://localhost:3000/css/theme.css",
        "http://localhost:3000/vendor/perfect-scrollbar/perfect-scrollbar.css",
        "http://localhost:3000/vendor/wow/animate.css",
        "http://localhost:3000/vendor/bootstrap-4.1/bootstrap.min.css",
        "http://localhost:3000/register",
        "http://localhost:3000/css/font-face.css",
        "http://localhost:3000/vendor/mdi-font/css/material-design-iconic-font.min.css",
        "http://localhost:3000/vendor/bootstrap-progressbar/bootstrap-progressbar-3.3.4.min.css",
        "http://localhost:3000/vendor/animsition/animsition.min.css",
        "http://localhost:3000/vendor/font-awesome-4.7/css/font-awesome.min.css",
        "http://localhost:3000/vendor/select2/select2.min.css"
      ],
      "depth": 2,
      "timestamp": "2026-01-02T18:12:24.048684",
      "error": null,
      "headers": {
        "content-length": "6631",
        "content-type": "text/html; charset=utf-8",
        "date": "Fri, 02 Jan 2026 18:12:24 GMT",
        "etag": "W/\"19e7-SzZGcIhcOK5LzDmfGpV+xp7U5CQ\"",
        "x-powered-by": "Express"
      }
    }
  ]
}