{
  "metadata": {
    "exported_at": "2026-01-06T12:16:55.269414",
    "total_results": 1,
    "format": "json"
  },
  "results": [
    {
      "url": "https://www.moj.io/",
      "title": "Connected Car Solutions | Mojio",
      "hash": "dc9ea8b0d8b11c8bb1316e9d7629280b9dc82ae984dd75a045699a7038a74e47",
      "timestamp": "2026-01-06T11:37:54.664291",
      "text": "Mojio and Jobber Team Up on Integrated Fleet Tracking for Home Service Pros\nLearn More\nSkip to content\nMojio Home\n\t\nPrimary Menu\nFueling the future of connected mobility\nThe Mojio Platform Contact Us\n15,000,000,024\nmiles of driving data processed\nMojio designs, develops and delivers connected mobility solutions that transform data into scalable services for our partners and their customers.\n\nConnected Car Solutions for Your Industry\nMobile Network Operators\nMojio delivers a smarter, safer and more convenient vehicle ownership experience to the subscribers of major network operators, including Deutsche Telekom in Europe, T-Mobile in the United States and TELUS in Canada.\u00a0\nLearn More\nAutomotive OEMs\nMojio\u2019s modular SaaS solutions for automakers are designed with your customers in mind, providing the right balance of flexibility, speed and cost-effectiveness to help you quickly grow profitable connected car services.\nLearn More\nPut Your Customers In Motion\n\n\nRich in features and thoughtfully designed, Motion delivers the connected services your customers want, on the car they (already) drive.\n\nExplore the Motion App\nScalable, Secure and Hardware Agnostic\n\nGlobally scalable and ready to support millions of connected vehicles with best-in-class latency, our connected mobility platform transforms a complex array of data into actionable insights, seamless user experiences and valuable services.\n\nExplore the Mojio Platform\n\nMojio Platform\n\nTelematics Engine\n\nMobility Studio\n\nServices Ecosystem\n\nIntelligence Toolkit\n\nIntegrated Connected Mobility Solutions\n\nMojio\u2019s cloud platform and SaaS solutions, combined with Bosch\u2019s deep automotive expertise and advanced technologies, are accelerating the development and deployment of connected mobility services to automakers, mobile network operators and consumers around the world.\n\nLearn More About Our Partnership\n\nPrevious\nAxel Diehl\nVP, Group Business Development & Venturing Deutsche Telekom AG\n\n\u201cMojio is a real-world case study of Deutsche Telekom\u2019s \u2018win with partners\u2019 innovation strategy. We\u2019ve partnered with Mojio to design and deploy our pan-European connected car strategy, resulting in on-time, on-budget launches of Telekom-branded connected car services in Austria, Czech Republic, Germany and Poland.\u201d\n\nJulia White\nCorporate Vice President Microsoft\n\n\u201cWe\u2019ve watched Mojio closely over the years as they have grown from a promising young company in our startup program to a competitive player in the fast-growing connected mobility space. Mojio has impressed us with their innovative use of Azure\u2019s IoT capabilities to deploy highly-scalable connected vehicle services that meet the highest standards of the automotive and telecommunications industries when it comes to security, privacy and performance.\u201d\n\nJeremy Warren\nChief Technology Officer Vivint Smart Home\n\n\u201cWe selected Mojio\u2019s platform for the flexible approach to hardware and the robust suite of APIs that allow us to deliver an integrated solution that our subscribers love. But choosing Mojio to power our connected car service wasn\u2019t purely about technology. We also needed a partner with a roadmap and leadership team that gave us the confidence to know that we\u2019d be able to succeed together in a fast-paced partnership. We vetted several players in the space, and the choice for us was clear.\u201d\n\nAxel Diehl\nVP, Group Business Development & Venturing Deutsche Telekom AG\n\n\u201cMojio is a real-world case study of Deutsche Telekom\u2019s \u2018win with partners\u2019 innovation strategy. We\u2019ve partnered with Mojio to design and deploy our pan-European connected car strategy, resulting in on-time, on-budget launches of Telekom-branded connected car services in Austria, Czech Republic, Germany and Poland.\u201d\n\nJulia White\nCorporate Vice President Microsoft\n\n\u201cWe\u2019ve watched Mojio closely over the years as they have grown from a promising young company in our startup program to a competitive player in the fast-growing connected mobility space. Mojio has impressed us with their innovative use of Azure\u2019s IoT capabilities to deploy highly-scalable connected vehicle services that meet the highest standards of the automotive and telecommunications industries when it comes to security, privacy and performance.\u201d\n\nJeremy Warren\nChief Technology Officer Vivint Smart Home\n\n\u201cWe selected Mojio\u2019s platform for the flexible approach to hardware and the robust suite of APIs that allow us to deliver an integrated solution that our subscribers love. But choosing Mojio to power our connected car service wasn\u2019t purely about technology. We also needed a partner with a roadmap and leadership team that gave us the confidence to know that we\u2019d be able to succeed together in a fast-paced partnership. We vetted several players in the space, and the choice for us was clear.\u201d\n\nAxel Diehl\nVP, Group Business Development & Venturing Deutsche Telekom AG\n\n\u201cMojio is a real-world case study of Deutsche Telekom\u2019s \u2018win with partners\u2019 innovation strategy. We\u2019ve partnered with Mojio to design a",
      "meta_tags": {
        "viewport": "width=device-width, initial-scale=1",
        "robots": "index, follow, max-image-preview:large, max-snippet:-1, max-video-preview:-1",
        "description": "Mojio designs, develops and delivers connected car solutions that transform data into scalable services for our partners and their customers.",
        "og:locale": "en_US",
        "og:type": "website",
        "og:title": "Connected Car Solutions",
        "og:description": "Mojio designs, develops and delivers connected car solutions that transform data into scalable services for our partners and their customers.",
        "og:url": "https://www.moj.io/",
        "og:site_name": "Mojio",
        "article:modified_time": "2025-04-02T19:36:54+00:00",
        "og:image": "https://www.moj.io/wp-content/uploads/2019/12/mojio_sharing-A.jpg",
        "og:image:width": "1200",
        "og:image:height": "630",
        "og:image:type": "image/jpeg",
        "twitter:card": "summary_large_image",
        "twitter:site": "@getmojio",
        "msvalidate.01": "A7911EA230220168DAAFED6EF3605269",
        "google-site-verification": "kS1G8Oqo3sRXkz0QfsWiwmw1ojPiOWP2RJIPObOvNQc"
      },
      "keywords": [],
      "headings": {
        "h1": [
          "Connected Car Solutions for Your Industry"
        ],
        "h2": [
          "Fueling the future ofconnected mobility",
          "Put Your Customers In Motion",
          "Scalable, Secure and Hardware Agnostic",
          "Integrated Connected Mobility Solutions",
          "Get in Touch"
        ],
        "h3": [
          "15,000,000,024"
        ]
      },
      "forms": [
        {
          "action": "/#wpcf7-f9093-o1",
          "fields": [
            "_wpcf7",
            "_wpcf7_version",
            "_wpcf7_locale",
            "_wpcf7_unit_tag",
            "_wpcf7_container_post",
            "_wpcf7_posted_data_hash",
            "your-email"
          ]
        }
      ],
      "buttons": [
        {
          "text": "Primary Menu"
        },
        {
          "text": "Previous"
        },
        {
          "text": "Next"
        },
        {
          "text": "1"
        },
        {
          "text": "2"
        },
        {
          "text": "3"
        },
        {
          "text": "Close"
        }
      ],
      "inputs": [
        {
          "name": "_wpcf7",
          "type": "hidden"
        },
        {
          "name": "_wpcf7_version",
          "type": "hidden"
        },
        {
          "name": "_wpcf7_locale",
          "type": "hidden"
        },
        {
          "name": "_wpcf7_unit_tag",
          "type": "hidden"
        },
        {
          "name": "_wpcf7_container_post",
          "type": "hidden"
        },
        {
          "name": "_wpcf7_posted_data_hash",
          "type": "hidden"
        },
        {
          "name": "your-email",
          "type": "email"
        },
        {
          "name": null,
          "type": "submit"
        },
        {
          "name": null,
          "type": "checkbox"
        },
        {
          "name": null,
          "type": "checkbox"
        },
        {
          "name": null,
          "type": "checkbox"
        },
        {
          "name": null,
          "type": "checkbox"
        },
        {
          "name": null,
          "type": "checkbox"
        },
        {
          "name": null,
          "type": "checkbox"
        }
      ],
      "links_in_scope": [
        "https://forcefleettracking.com",
        "https://www.bosch.ca",
        "https://www.vivint.com",
        "https://developer.amazon.com/en-US/alexa/alexa-startups/alexa-fund",
        "https://www.moj.io/mojio-engage",
        "https://www.moj.io/#typeform-contact",
        "https://www.moj.io/blog",
        "https://www.moj.io/automotive-oem-solutions",
        "https://www.moj.io/news/force-fleet-tracking-jobber-simplify-dispatching-with-telematics-integration-for-home-service-pros",
        "https://www.moj.io/careers",
        "https://www.moj.io/our-company",
        "https://www.moj.io/privacy-center",
        "https://www.moj.io/#",
        "https://www.moj.io",
        "https://www.moj.io/wireless-carriers",
        "https://www.moj.io/connected-car-platform",
        "https://www.audi.com/en.html",
        "https://us.bosch-press.com/pressportal/us/en/press-release-4288.html",
        "https://www.moj.io/press-room",
        "https://www.moj.io/support",
        "https://www.cookieyes.com",
        "https://www.moj.io/terms",
        "https://www.moj.io/field-service-management-fleet-tracking-solutions",
        "https://www.moj.io/motion-connected-car-app",
        "https://www.moj.io/privacy",
        "https://www.moj.io/#content",
        "https://www.moj.io/commercial-auto-insurance-telematics-solutions"
      ],
      "links_out_scope": [],
      "apis_discovered": [],
      "api_calls": [],
      "network_traffic": [],
      "vision": null,
      "technologies": [],
      "libraries": [],
      "status_code": 200,
      "load_time": 13.627958297729492,
      "authenticated": false,
      "error": null
    }
  ]
}