{
  "visited_urls": [
    "https://iana.org/domains/example",
    "https://example.com/"
  ],
  "queue": [],
  "results": {
    "https://example.com/": {
      "url": "https://example.com/",
      "title": "Example Domain",
      "hash": "ad308e8be313569b5bc7760ce31bd4b73ace6be207c834e1a22d3b0625e764d3",
      "timestamp": "2026-01-05T17:30:53.145197",
      "text": "Example Domain\n\nThis domain is for use in documentation examples without needing permission. Avoid use in operations.\n\nLearn more",
      "meta_tags": {
        "viewport": "width=device-width, initial-scale=1"
      },
      "keywords": [],
      "headings": {
        "h1": [
          "Example Domain"
        ],
        "h2": [],
        "h3": []
      },
      "forms": [],
      "buttons": [],
      "inputs": [],
      "links_in_scope": [
        "https://iana.org/domains/example"
      ],
      "links_out_scope": [],
      "apis_discovered": [],
      "api_calls": [],
      "network_traffic": [],
      "vision": null,
      "technologies": [],
      "libraries": [],
      "status_code": 200,
      "load_time": 2.645758628845215,
      "authenticated": false,
      "error": null
    }
  },
  "checkpoint_id": "1767634250_7572",
  "_metadata": {
    "saved_at": "2026-01-05T17:30:53.260602",
    "name": "1767634250_7572"
  }
}