{
  "visited_urls": [
    "https://hackwithsingh.com/",
    "https://linktr.ee/htbmumbai",
    "https://www.youtube.com/@cybermindspace",
    "https://www.siliconindia.com/",
    "https://offsec.com/",
    "https://www.linkedin.com/in/deepak-saini-cyber",
    "https://x.com/hackwithindiaa",
    "https://www.cyberx.org.in/",
    "https://www.bugcrowd.com/",
    "https://www.instagram.com/i.m.pratikdabhi?igsh=mtvrcmwzy2zzc2nuyq%3D%3D",
    "https://hackcloth.in/",
    "https://www.offsec.com/",
    "https://www.youtube.com/@hackwithindiaa?sub_confirmation=1",
    "https://www.linkedin.com/company/hackwithindiaa",
    "https://www.apisec.ai/",
    "https://www.apisecuniversity.com/",
    "https://lovable.dev/",
    "https://www.alteredsecurity.com/",
    "https://www.linkedin.com/company/securedbharatgroup",
    "https://cybertegh.com/",
    "https://www.eccu.edu/",
    "https://hackwithindia.com/",
    "https://www.linkedin.com/company/cybercia-forge",
    "https://www.linkedin.com/in/mandal-saumadip",
    "https://www.linkedin.com/in/ethicalsharmaji",
    "https://pentesterlab.com/",
    "https://www.linkedin.com/company/globalcyberaid",
    "https://caido.io/",
    "https://www.linkedin.com/company/knight-secured-company"
  ],
  "queue": [
    "https://www.siliconindia.com/",
    "https://offsec.com/",
    "https://www.linkedin.com/in/deepak-saini-cyber",
    "https://caido.io/",
    "https://www.cyberx.org.in/",
    "https://www.bugcrowd.com/",
    "https://www.linkedin.com/company/globalcyberaid",
    "https://x.com/hackwithindiaa",
    "https://hackcloth.in/",
    "https://www.offsec.com/",
    "https://www.linkedin.com/in/mandal-saumadip",
    "https://www.youtube.com/@hackwithindiaa?sub_confirmation=1",
    "https://www.youtube.com/@cybermindspace",
    "https://www.apisec.ai/",
    "https://www.apisecuniversity.com/",
    "https://lovable.dev/",
    "https://www.alteredsecurity.com/",
    "https://www.linkedin.com/company/securedbharatgroup",
    "https://cybertegh.com/",
    "https://www.eccu.edu/",
    "https://www.linkedin.com/company/hackwithindiaa",
    "https://www.linkedin.com/in/ethicalsharmaji",
    "https://www.linkedin.com/company/knight-secured-company",
    "https://pentesterlab.com/",
    "https://www.instagram.com/i.m.pratikdabhi?igsh=mtvrcmwzy2zzc2nuyq%3D%3D",
    "https://www.linkedin.com/company/cybercia-forge"
  ],
  "results": {
    "https://hackwithindia.com/": {
      "url": "https://hackwithindia.com/",
      "title": "HackwithIndiaa 2026 - Indiaa's #1 Free Live Web Hacking Competition | Win OSCP, CEH",
      "hash": "499fa47b56d089bd8480bac057febc2cd6de6700517cb75978f3b18e4333f8e9",
      "timestamp": "2026-01-18T07:13:33.878799",
      "text": "Skip to main content\nHackwithIndiaa\nAbout\nPrizes\nSponsors\nRules\nREPORT BUGS\n);\n17 January 2026\nOnline Event\nHackwithIndiaa\n\nIndia's Biggest Live Hacking Event\n\nPLATFORM PARTNER\nWin Rewards Worth \u20b920L+ Value\nREGISTER NOW \u2014 IT'S FREE\nWATCH LIVE EVENT\n\u2713 100% Free Entry\n\u2713 Certificate for All\n\u2713 Legal & Authorized\nWhat is HackwithIndiaa?\n\nHackwithIndiaa is India's most anticipated live web hacking event, bringing together ethical hackers, security researchers, and tech enthusiasts from across the nation. Experience real-time hacking challenges with live web targets in a controlled online environment.\n\nLive Web Hacking\n\nParticipate in real-time web application hacking challenges with live targets and instant scoring.\n\nReal Vulnerabilities\n\nDiscover and exploit actual security flaws in web applications under controlled environments.\n\nNetwork & Learn\n\nConnect with Indiaa's top security researchers, industry experts, and fellow enthusiasts.\n\n100% Free Entry\n\nParticipate in the event completely free of cost. No registration fees, no hidden charges.\n\n10000+\nEXPECTED PARTICIPANTS\nLive\nWEB TARGETS\n\u20b920L+\nPRIZE POOL\nOnline\nEVENT MODE\nLegendary Prizes\n\nWin industry-recognized certifications and exclusive rewards that will boost your career\n\nGRAND PRIZE\n1st Place\n\nOSCP Voucher\n\nWorth $1,749\n\n2nd Place\n\nCEH Voucher\n\nWorth $1,199\n\n3rd Place\n\nCEH Voucher\n\nWorth $1,199\n\n4th - 7th\n\nASCP Vouchers\n\n4 codes\n\n8th - 9th\n\nCRTP Vouchers\n\n2 codes ($249 each)\n\n10th - 19th\n\nCASA Vouchers\n\n10 codes\n\n20th - 64th\n\nACP Vouchers\n\n45 codes\n\n65th - 69th\n\nPro Vouchers\n\n5 codes\n\n70th - 72nd\n\nVIP+ 1 Month\n\n3 winners\n\n73rd - 97th\n\n1 Month Voucher\n\n25 winners\n\n98th - 102nd\n\nAnnual PG Practice\n\n5 winners\n\nSPECIAL REWARD\n103rd - 107th Place Winners\n\nWin 300 Credits each from Lovable \u2013 The AI-powered app builder\n\n5\n\nWinners\n\n300\n\nCredits Each\n\nVisit Lovable\nWOMEN IN CYBERSECURITY\n#1 Women Participant Prize\n\nCEH Voucher worth $1,199 for the top-ranking woman in the competition\n\n$1,199\n\nPrize Value\n\nLearn More\n\n\ud83c\udfbd Exclusive Hoodies for Top 10!\n\nPremium custom hoodies from HackCloth for our top performers\n\nLearn More\nOur Partners\n\nBacked by industry leaders in cybersecurity\n\nPLATFORM PARTNER\nBugcrowd\n\nPlatform Partner\n\nVOUCHER PARTNER\nOffSec\n\nThe Path to a Secure Future\n\nVOUCHER SPONSOR\nAPISec University\n\nOfficial API Security Certification Vouchers\n\nVOUCHER PARTNER\nEC-Council University\n\nCEH Vouchers for Winners\n\nVOUCHER PARTNER\nAltered Security\n\nCRTP Exam Vouchers ($249 x 2)\n\nMEDIA PARTNER\nSilicon India\n\n30th Year of Publication\n\nVOUCHER SPONSOR\nPentesterLab\n\nPro Subscription Vouchers\n\nVOUCHER PARTNER\nLovable\n\n300 Credits for 5 Winners\n\nVOUCHER PARTNER\nCaido\n\n1 Month Vouchers for 25 Winners\n\nSWAG PARTNER\nHackCloth\n\nHoodies for Top 10 Winners\n\nVOUCHER & COMMUNITY PARTNER\nHackTheBox Mumbai\n\nVIP+ 1 Month Voucher\n\nCOMMUNITY PARTNER\nHackwithSingh\n\nCybersecurity Community\n\nCOMMUNITY PARTNER\nCyberX Nashik\n\nNashik's Cybersecurity Community\n\nCOMMUNITY PARTNER\nCyberCIA Forge\n\nCybersecurity Training Community\n\nCOMMUNITY PARTNER\nKnight Secured Company\n\nCTF Builder - We Create War\n\nCOMMUNITY PARTNER\nSecured Bharat Group\n\nCybersecurity Community\n\nCOMMUNITY PARTNER\nGlobal Cyber Aid\n\nLearn Safe, Stay Secure\n\nCOMMUNITY PARTNER\nEthical Sharmaji\n\nCybersecurity Influencer\n\nCOMMUNITY PARTNER\nSaumadip Mandal\n\nCybersecurity Professional\n\nCOMMUNITY PARTNER\nCyber MindSpace\n\nCybersecurity YouTube Channel\n\nCOMMUNITY PARTNER\nDeepak Saini\n\nCybersecurity Professional\n\nCOMMUNITY PARTNER\nPratik Dabhi\n\nCybersecurity Professional\n\nTECHNOLOGY PARTNER\nCyberTegh\n\nTechnology Partner\n\nCOMING SOON\nMore Partners\n\nAdditional sponsors to be announced\n\nInterested in sponsoring? Contact us\n\nRegister Now\n\nSecure your spot in Indiaa's biggest live web hacking event. Limited seats available.\n\nFull Name\nEmail Address\nPhone Number\n+91\nCollege / Company\nDesignation\nI'm interested in becoming a College Ambassador\nOfficial HackwithIndiaa Volunteer T-shirt\nLetter of Recommendation (for active ambassadors)\nNetworking with industry leaders & cybersecurity professionals\n\nCertificate of Participation will be provided to all attendees\n\nWarning: No testing allowed. Only genuine registrations accepted. Fake entries will be banned.\n\nCOMPLETE REGISTRATION\n\nBy registering, you agree to our terms and conditions.\n\nLIVE ON YOUTUBE\nWatch LIVE Speakers\n\nJoin top cybersecurity experts live on YouTube \u2014 Learn from the best hackers in the industry!\n\n\ud83c\udfaf\nTop Bug Bounty Hunters\n\nLive Hacking Demos\n\n\ud83d\udcbc\nIndustry Experts\n\nCareer Insights\n\n\ud83c\udfdb\ufe0f\nGovernment Officials\n\nCyber Policy & Initiatives\n\n\ud83d\udd0d\nSecurity Researchers\n\nLatest Vulnerabilities\n\n100% Free\nEvent\n17 Jan 2026\nLive Event\nLive Q&A\nwith Experts\nSUBSCRIBE & WATCH LIVE\n\nClick to subscribe and get notified when we go live!\n\nEVENT RULES\nCompetition Rules\n\nRead carefully before participating - violations will result in disqualification\n\nBreaking rules = Disqualification\nDo I need to register before participating?\nCan I use automated scanners?\nWhat testing approach should I use?\nAre ther",
      "meta_tags": {
        "viewport": "width=device-width, initial-scale=1.0",
        "description": "Join HackwithIndiaa, Indiaa's biggest FREE live web hacking competition on 17 January 2026. Win OSCP, CEH, APISec certifications worth \u20b920L+. Top 100 winners get prizes. Register now!",
        "author": "HackwithIndia",
        "keywords": "hackwithindiaa, hack with indiaa, hackwithIndiaa, indiaa hacking competition, live web hacking event, free hacking event indiaa, OSCP certification free, CEH certification, ethical hacking indiaa 2026, bug bounty indiaa, cybersecurity event indiaa, hacking competition 2026, free cybersecurity training, web security indiaa, penetration testing indiaa, indian hackers, cybersecurity careers indiaa",
        "robots": "index, follow, max-image-preview:large, max-snippet:-1, max-video-preview:-1",
        "googlebot": "index, follow",
        "theme-color": "#FF9933",
        "mobile-web-app-capable": "yes",
        "apple-mobile-web-app-capable": "yes",
        "apple-mobile-web-app-status-bar-style": "black-translucent",
        "og:type": "website",
        "og:site_name": "HackwithIndia",
        "og:locale": "en_IN",
        "og:image": "https://storage.googleapis.com/gpt-engineer-file-uploads/nre4H5zm8JYgzJNPoHmyuNFLer53/social-images/social-1766169823469-photo_2025-12-16_13-19-55.jpg",
        "og:image:width": "1200",
        "og:image:height": "630",
        "og:url": "https://hackwithindiaa.in",
        "twitter:card": "summary_large_image",
        "twitter:site": "@HackwithIndiaa",
        "twitter:creator": "@HackwithIndiaa",
        "twitter:image": "https://storage.googleapis.com/gpt-engineer-file-uploads/nre4H5zm8JYgzJNPoHmyuNFLer53/social-images/social-1766169823469-photo_2025-12-16_13-19-55.jpg",
        "og:title": "HackwithIndia 2026 - India's #1 Free Live Web Hacking Competition | Bugcrowd | Win OSCP, CEH",
        "twitter:title": "HackwithIndia 2026 - India's #1 Free Live Web Hacking Competition | Bugcrowd | Win OSCP, CEH",
        "og:description": "Join HackwithIndia, India's biggest FREE live web hacking competition on 17 January 2026. Bugcrowd. Win OSCP, CEH, APISec certifications worth \u20b920L+. Top 100 winners get prizes. Register now!",
        "twitter:description": "Join HackwithIndia, India's biggest FREE live web hacking competition on 17 January 2026. Bugcrowd. Win OSCP, CEH, APISec certifications worth \u20b920L+. Top 100 winners get prizes. Register now!"
      },
      "keywords": [
        "hackwithindiaa",
        "hack with indiaa",
        "hackwithIndiaa",
        "indiaa hacking competition",
        "live web hacking event",
        "free hacking event indiaa",
        "OSCP certification free",
        "CEH certification",
        "ethical hacking indiaa 2026",
        "bug bounty indiaa",
        "cybersecurity event indiaa",
        "hacking competition 2026",
        "free cybersecurity training",
        "web security indiaa",
        "penetration testing indiaa",
        "indian hackers",
        "cybersecurity careers indiaa"
      ],
      "headings": {
        "h1": [
          "HackwithIndiaa"
        ],
        "h2": [
          "What isHackwithIndiaa?",
          "LegendaryPrizes",
          "OurPartners",
          "RegisterNow",
          "WatchLIVESpeakers"
        ],
        "h3": [
          "Live Web Hacking",
          "Real Vulnerabilities",
          "Network & Learn",
          "100% Free Entry",
          "1st Place"
        ]
      },
      "forms": [
        {
          "action": null,
          "fields": []
        }
      ],
      "buttons": [
        {
          "text": "About"
        },
        {
          "text": "Prizes"
        },
        {
          "text": "Sponsors"
        },
        {
          "text": "Rules"
        },
        {
          "text": "Report Bugs"
        },
        {
          "text": ""
        },
        {
          "text": "About"
        },
        {
          "text": "Prizes"
        },
        {
          "text": "Sponsors"
        },
        {
          "text": "Rules"
        },
        {
          "text": "Report Bugs"
        },
        {
          "text": "Register Now \u2014 It's Free"
        },
        {
          "text": "Watch Live Event"
        },
        {
          "text": ""
        },
        {
          "text": ""
        },
        {
          "text": "Complete Registration"
        },
        {
          "text": "Subscribe & Watch Live"
        },
        {
          "text": "Do I need to register before participating?"
        },
        {
          "text": "Can I use automated scanners?"
        },
        {
          "text": "What testing approach should I use?"
        },
        {
          "text": "Are there any traffic limits?"
        },
        {
          "text": "How do I report bugs?"
        },
        {
          "text": "What happens if I break the rules?"
        }
      ],
      "inputs": [
        {
          "name": null,
          "type": "text"
        },
        {
          "name": null,
          "type": "email"
        },
        {
          "name": null,
          "type": "tel"
        },
        {
          "name": null,
          "type": "text"
        },
        {
          "name": null,
          "type": "text"
        },
        {
          "name": null,
          "type": "checkbox"
        }
      ],
      "links_in_scope": [
        "https://hackwithsingh.com",
        "https://linktr.ee/htbmumbai",
        "https://www.siliconindia.com",
        "https://offsec.com",
        "https://www.linkedin.com/in/deepak-saini-cyber",
        "https://caido.io",
        "https://hackwithindia.com/#sponsors",
        "https://www.cyberx.org.in",
        "https://www.bugcrowd.com",
        "https://www.linkedin.com/company/globalcyberaid",
        "https://x.com/HackwithIndiaa",
        "https://hackcloth.in",
        "https://www.offsec.com",
        "https://www.linkedin.com/in/mandal-saumadip",
        "https://www.youtube.com/@hackwithindiaa?sub_confirmation=1",
        "https://www.youtube.com/@CyberMindSpace",
        "https://www.apisec.ai",
        "https://www.apisecuniversity.com",
        "https://lovable.dev",
        "https://www.alteredsecurity.com",
        "https://www.linkedin.com/company/securedbharatgroup",
        "https://cybertegh.com",
        "https://www.eccu.edu",
        "https://hackwithindia.com/#faq",
        "https://hackwithindia.com/#register",
        "https://www.linkedin.com/company/hackwithindiaa",
        "https://hackwithindia.com/#",
        "https://www.linkedin.com/in/ethicalsharmaji",
        "https://hackwithindia.com/#about",
        "https://hackwithindia.com/#prizes",
        "https://www.linkedin.com/company/knight-secured-company",
        "https://pentesterlab.com",
        "https://hackwithindia.com/#main-content",
        "https://www.instagram.com/i.m.pratikdabhi?igsh=MTVrcmwzY2Zzc2NuYQ==",
        "https://www.linkedin.com/company/cybercia-forge"
      ],
      "links_out_scope": [],
      "apis_discovered": [],
      "api_calls": [],
      "network_traffic": [],
      "vision": null,
      "technologies": [],
      "libraries": [],
      "status_code": 200,
      "load_time": 6.824275970458984,
      "authenticated": false,
      "error": null
    }
  },
  "checkpoint_id": "1768720407_8714",
  "_metadata": {
    "saved_at": "2026-01-18T07:13:33.983378",
    "name": "1768720407_8714"
  }
}