{
  "visited_urls": [
    "https://hackcloth.in/",
    "https://pentesterlab.com/badges/intercept",
    "https://cybertegh.com/",
    "https://pentesterlab.com/",
    "https://www.instagram.com/i.m.pratikdabhi?igsh=mtvrcmwzy2zzc2nuyq%3D%3D",
    "https://pentesterlab.com/users/login",
    "https://pentesterlab.com/glossary",
    "https://pentesterlab.com/badges/http",
    "https://pentesterlab.com/badges/essential",
    "https://pentesterlab.com/pro",
    "https://www.siliconindia.com/",
    "https://x.com/pentesterlab",
    "https://www.eccu.edu/",
    "https://www.youtube.com/@cybermindspace",
    "https://bsky.app/profile/pentesterlab.com",
    "https://www.bugcrowd.com/",
    "https://www.linkedin.com/company/cybercia-forge",
    "https://pentesterlab.com/users/register",
    "https://pentesterlab.com/logo",
    "https://pentesterlab.com/pro/enterprise",
    "https://www.linkedin.com/company/pentesterlab",
    "https://www.linkedin.com/in/ethicalsharmaji",
    "https://pentesterlab.com/appsecschool",
    "https://www.youtube.com/@hackwithindiaa?sub_confirmation=1",
    "https://www.linkedin.com/company/knight-secured-company",
    "https://pentesterlab.com/badges/auth",
    "https://infosec.exchange/@pentesterlab",
    "https://pentesterlab.com/badges/introduction",
    "https://www.linkedin.com/company/hackwithindiaa",
    "https://www.linkedin.com/company/securedbharatgroup",
    "https://pentesterlab.com/badges/unix",
    "https://www.offsec.com/",
    "https://pentesterlab.com/privacy",
    "https://www.linkedin.com/in/deepak-saini-cyber",
    "https://pentesterlab.com/blog",
    "https://offsec.com/",
    "https://caido.io/",
    "https://www.apisecuniversity.com/",
    "https://linktr.ee/htbmumbai",
    "https://pentesterlab.com/exercises",
    "https://www.alteredsecurity.com/",
    "https://www.apisec.ai/",
    "https://www.cyberx.org.in/",
    "https://pentesterlab.com/badges/codereview",
    "https://pentesterlab.com/live-training",
    "https://x.com/hackwithindiaa",
    "https://pentesterlab.com/bootcamp",
    "https://discord.gg/ymd3hkhbfe",
    "https://lovable.dev/",
    "https://www.linkedin.com/company/globalcyberaid",
    "https://hackwithindia.com/",
    "https://www.linkedin.com/in/mandal-saumadip",
    "https://pentesterlab.com/badges/serialize",
    "https://hackwithsingh.com/",
    "https://pentesterlab.com/badges/brownbadge",
    "https://pentesterlab.com/terms"
  ],
  "queue": [
    "https://www.linkedin.com/company/knight-secured-company",
    "https://www.linkedin.com/company/hackwithindiaa",
    "https://www.siliconindia.com/",
    "https://www.eccu.edu/",
    "https://www.bugcrowd.com/",
    "https://www.linkedin.com/company/cybercia-forge",
    "https://www.instagram.com/i.m.pratikdabhi?igsh=mtvrcmwzy2zzc2nuyq%3D%3D",
    "https://www.linkedin.com/in/ethicalsharmaji",
    "https://www.youtube.com/@hackwithindiaa?sub_confirmation=1",
    "https://www.linkedin.com/company/securedbharatgroup",
    "https://www.offsec.com/",
    "https://www.linkedin.com/in/deepak-saini-cyber",
    "https://offsec.com/",
    "https://caido.io/",
    "https://www.apisecuniversity.com/",
    "https://www.linkedin.com/company/globalcyberaid",
    "https://linktr.ee/htbmumbai",
    "https://www.alteredsecurity.com/",
    "https://www.apisec.ai/",
    "https://www.cyberx.org.in/",
    "https://lovable.dev/",
    "https://www.linkedin.com/in/mandal-saumadip",
    "https://hackwithsingh.com/",
    "https://www.youtube.com/@cybermindspace",
    "https://x.com/hackwithindiaa",
    "https://pentesterlab.com/badges/intercept",
    "https://pentesterlab.com/users/login",
    "https://infosec.exchange/@pentesterlab",
    "https://pentesterlab.com/glossary",
    "https://pentesterlab.com/badges/http",
    "https://pentesterlab.com/badges/essential",
    "https://pentesterlab.com/pro",
    "https://pentesterlab.com/blog",
    "https://bsky.app/profile/pentesterlab.com",
    "https://pentesterlab.com/users/register",
    "https://pentesterlab.com/logo",
    "https://pentesterlab.com/pro/enterprise",
    "https://pentesterlab.com/appsecschool",
    "https://pentesterlab.com/badges/auth",
    "https://pentesterlab.com/badges/introduction",
    "https://pentesterlab.com/badges/unix",
    "https://pentesterlab.com/privacy",
    "https://www.linkedin.com/company/pentesterlab",
    "https://x.com/pentesterlab",
    "https://pentesterlab.com/exercises",
    "https://pentesterlab.com/badges/codereview",
    "https://pentesterlab.com/live-training",
    "https://pentesterlab.com/bootcamp",
    "https://discord.gg/ymd3hkhbfe",
    "https://pentesterlab.com/badges/serialize",
    "https://pentesterlab.com/badges/brownbadge",
    "https://pentesterlab.com/terms"
  ],
  "results": {
    "https://hackwithindia.com/": {
      "url": "https://hackwithindia.com/",
      "title": "HackwithIndiaa 2026 - Indiaa's #1 Free Live Web Hacking Competition | Win OSCP, CEH",
      "hash": "499fa47b56d089bd8480bac057febc2cd6de6700517cb75978f3b18e4333f8e9",
      "timestamp": "2026-01-18T07:07:52.679996",
      "text": "Skip to main content\nHackwithIndiaa\nAbout\nPrizes\nSponsors\nRules\nREPORT BUGS\n);\n17 January 2026\nOnline Event\nHackwithIndiaa\n\nIndia's Biggest Live Hacking Event\n\nPLATFORM PARTNER\nWin Rewards Worth \u20b920L+ Value\nREGISTER NOW \u2014 IT'S FREE\nWATCH LIVE EVENT\n\u2713 100% Free Entry\n\u2713 Certificate for All\n\u2713 Legal & Authorized\nWhat is HackwithIndiaa?\n\nHackwithIndiaa is India's most anticipated live web hacking event, bringing together ethical hackers, security researchers, and tech enthusiasts from across the nation. Experience real-time hacking challenges with live web targets in a controlled online environment.\n\nLive Web Hacking\n\nParticipate in real-time web application hacking challenges with live targets and instant scoring.\n\nReal Vulnerabilities\n\nDiscover and exploit actual security flaws in web applications under controlled environments.\n\nNetwork & Learn\n\nConnect with Indiaa's top security researchers, industry experts, and fellow enthusiasts.\n\n100% Free Entry\n\nParticipate in the event completely free of cost. No registration fees, no hidden charges.\n\n10000+\nEXPECTED PARTICIPANTS\nLive\nWEB TARGETS\n\u20b920L+\nPRIZE POOL\nOnline\nEVENT MODE\nLegendary Prizes\n\nWin industry-recognized certifications and exclusive rewards that will boost your career\n\nGRAND PRIZE\n1st Place\n\nOSCP Voucher\n\nWorth $1,749\n\n2nd Place\n\nCEH Voucher\n\nWorth $1,199\n\n3rd Place\n\nCEH Voucher\n\nWorth $1,199\n\n4th - 7th\n\nASCP Vouchers\n\n4 codes\n\n8th - 9th\n\nCRTP Vouchers\n\n2 codes ($249 each)\n\n10th - 19th\n\nCASA Vouchers\n\n10 codes\n\n20th - 64th\n\nACP Vouchers\n\n45 codes\n\n65th - 69th\n\nPro Vouchers\n\n5 codes\n\n70th - 72nd\n\nVIP+ 1 Month\n\n3 winners\n\n73rd - 97th\n\n1 Month Voucher\n\n25 winners\n\n98th - 102nd\n\nAnnual PG Practice\n\n5 winners\n\nSPECIAL REWARD\n103rd - 107th Place Winners\n\nWin 300 Credits each from Lovable \u2013 The AI-powered app builder\n\n5\n\nWinners\n\n300\n\nCredits Each\n\nVisit Lovable\nWOMEN IN CYBERSECURITY\n#1 Women Participant Prize\n\nCEH Voucher worth $1,199 for the top-ranking woman in the competition\n\n$1,199\n\nPrize Value\n\nLearn More\n\n\ud83c\udfbd Exclusive Hoodies for Top 10!\n\nPremium custom hoodies from HackCloth for our top performers\n\nLearn More\nOur Partners\n\nBacked by industry leaders in cybersecurity\n\nPLATFORM PARTNER\nBugcrowd\n\nPlatform Partner\n\nVOUCHER PARTNER\nOffSec\n\nThe Path to a Secure Future\n\nVOUCHER SPONSOR\nAPISec University\n\nOfficial API Security Certification Vouchers\n\nVOUCHER PARTNER\nEC-Council University\n\nCEH Vouchers for Winners\n\nVOUCHER PARTNER\nAltered Security\n\nCRTP Exam Vouchers ($249 x 2)\n\nMEDIA PARTNER\nSilicon India\n\n30th Year of Publication\n\nVOUCHER SPONSOR\nPentesterLab\n\nPro Subscription Vouchers\n\nVOUCHER PARTNER\nLovable\n\n300 Credits for 5 Winners\n\nVOUCHER PARTNER\nCaido\n\n1 Month Vouchers for 25 Winners\n\nSWAG PARTNER\nHackCloth\n\nHoodies for Top 10 Winners\n\nVOUCHER & COMMUNITY PARTNER\nHackTheBox Mumbai\n\nVIP+ 1 Month Voucher\n\nCOMMUNITY PARTNER\nHackwithSingh\n\nCybersecurity Community\n\nCOMMUNITY PARTNER\nCyberX Nashik\n\nNashik's Cybersecurity Community\n\nCOMMUNITY PARTNER\nCyberCIA Forge\n\nCybersecurity Training Community\n\nCOMMUNITY PARTNER\nKnight Secured Company\n\nCTF Builder - We Create War\n\nCOMMUNITY PARTNER\nSecured Bharat Group\n\nCybersecurity Community\n\nCOMMUNITY PARTNER\nGlobal Cyber Aid\n\nLearn Safe, Stay Secure\n\nCOMMUNITY PARTNER\nEthical Sharmaji\n\nCybersecurity Influencer\n\nCOMMUNITY PARTNER\nSaumadip Mandal\n\nCybersecurity Professional\n\nCOMMUNITY PARTNER\nCyber MindSpace\n\nCybersecurity YouTube Channel\n\nCOMMUNITY PARTNER\nDeepak Saini\n\nCybersecurity Professional\n\nCOMMUNITY PARTNER\nPratik Dabhi\n\nCybersecurity Professional\n\nTECHNOLOGY PARTNER\nCyberTegh\n\nTechnology Partner\n\nCOMING SOON\nMore Partners\n\nAdditional sponsors to be announced\n\nInterested in sponsoring? Contact us\n\nRegister Now\n\nSecure your spot in Indiaa's biggest live web hacking event. Limited seats available.\n\nFull Name\nEmail Address\nPhone Number\n+91\nCollege / Company\nDesignation\nI'm interested in becoming a College Ambassador\nOfficial HackwithIndiaa Volunteer T-shirt\nLetter of Recommendation (for active ambassadors)\nNetworking with industry leaders & cybersecurity professionals\n\nCertificate of Participation will be provided to all attendees\n\nWarning: No testing allowed. Only genuine registrations accepted. Fake entries will be banned.\n\nCOMPLETE REGISTRATION\n\nBy registering, you agree to our terms and conditions.\n\nLIVE ON YOUTUBE\nWatch LIVE Speakers\n\nJoin top cybersecurity experts live on YouTube \u2014 Learn from the best hackers in the industry!\n\n\ud83c\udfaf\nTop Bug Bounty Hunters\n\nLive Hacking Demos\n\n\ud83d\udcbc\nIndustry Experts\n\nCareer Insights\n\n\ud83c\udfdb\ufe0f\nGovernment Officials\n\nCyber Policy & Initiatives\n\n\ud83d\udd0d\nSecurity Researchers\n\nLatest Vulnerabilities\n\n100% Free\nEvent\n17 Jan 2026\nLive Event\nLive Q&A\nwith Experts\nSUBSCRIBE & WATCH LIVE\n\nClick to subscribe and get notified when we go live!\n\nEVENT RULES\nCompetition Rules\n\nRead carefully before participating - violations will result in disqualification\n\nBreaking rules = Disqualification\nDo I need to register before participating?\nCan I use automated scanners?\nWhat testing approach should I use?\nAre ther",
      "meta_tags": {
        "viewport": "width=device-width, initial-scale=1.0",
        "description": "Join HackwithIndiaa, Indiaa's biggest FREE live web hacking competition on 17 January 2026. Win OSCP, CEH, APISec certifications worth \u20b920L+. Top 100 winners get prizes. Register now!",
        "author": "HackwithIndia",
        "keywords": "hackwithindiaa, hack with indiaa, hackwithIndiaa, indiaa hacking competition, live web hacking event, free hacking event indiaa, OSCP certification free, CEH certification, ethical hacking indiaa 2026, bug bounty indiaa, cybersecurity event indiaa, hacking competition 2026, free cybersecurity training, web security indiaa, penetration testing indiaa, indian hackers, cybersecurity careers indiaa",
        "robots": "index, follow, max-image-preview:large, max-snippet:-1, max-video-preview:-1",
        "googlebot": "index, follow",
        "theme-color": "#FF9933",
        "mobile-web-app-capable": "yes",
        "apple-mobile-web-app-capable": "yes",
        "apple-mobile-web-app-status-bar-style": "black-translucent",
        "og:type": "website",
        "og:site_name": "HackwithIndia",
        "og:locale": "en_IN",
        "og:image": "https://storage.googleapis.com/gpt-engineer-file-uploads/nre4H5zm8JYgzJNPoHmyuNFLer53/social-images/social-1766169823469-photo_2025-12-16_13-19-55.jpg",
        "og:image:width": "1200",
        "og:image:height": "630",
        "og:url": "https://hackwithindiaa.in",
        "twitter:card": "summary_large_image",
        "twitter:site": "@HackwithIndiaa",
        "twitter:creator": "@HackwithIndiaa",
        "twitter:image": "https://storage.googleapis.com/gpt-engineer-file-uploads/nre4H5zm8JYgzJNPoHmyuNFLer53/social-images/social-1766169823469-photo_2025-12-16_13-19-55.jpg",
        "og:title": "HackwithIndia 2026 - India's #1 Free Live Web Hacking Competition | Bugcrowd | Win OSCP, CEH",
        "twitter:title": "HackwithIndia 2026 - India's #1 Free Live Web Hacking Competition | Bugcrowd | Win OSCP, CEH",
        "og:description": "Join HackwithIndia, India's biggest FREE live web hacking competition on 17 January 2026. Bugcrowd. Win OSCP, CEH, APISec certifications worth \u20b920L+. Top 100 winners get prizes. Register now!",
        "twitter:description": "Join HackwithIndia, India's biggest FREE live web hacking competition on 17 January 2026. Bugcrowd. Win OSCP, CEH, APISec certifications worth \u20b920L+. Top 100 winners get prizes. Register now!"
      },
      "keywords": [
        "hackwithindiaa",
        "hack with indiaa",
        "hackwithIndiaa",
        "indiaa hacking competition",
        "live web hacking event",
        "free hacking event indiaa",
        "OSCP certification free",
        "CEH certification",
        "ethical hacking indiaa 2026",
        "bug bounty indiaa",
        "cybersecurity event indiaa",
        "hacking competition 2026",
        "free cybersecurity training",
        "web security indiaa",
        "penetration testing indiaa",
        "indian hackers",
        "cybersecurity careers indiaa"
      ],
      "headings": {
        "h1": [
          "HackwithIndiaa"
        ],
        "h2": [
          "What isHackwithIndiaa?",
          "LegendaryPrizes",
          "OurPartners",
          "RegisterNow",
          "WatchLIVESpeakers"
        ],
        "h3": [
          "Live Web Hacking",
          "Real Vulnerabilities",
          "Network & Learn",
          "100% Free Entry",
          "1st Place"
        ]
      },
      "forms": [
        {
          "action": null,
          "fields": []
        }
      ],
      "buttons": [
        {
          "text": "About"
        },
        {
          "text": "Prizes"
        },
        {
          "text": "Sponsors"
        },
        {
          "text": "Rules"
        },
        {
          "text": "Report Bugs"
        },
        {
          "text": ""
        },
        {
          "text": "About"
        },
        {
          "text": "Prizes"
        },
        {
          "text": "Sponsors"
        },
        {
          "text": "Rules"
        },
        {
          "text": "Report Bugs"
        },
        {
          "text": "Register Now \u2014 It's Free"
        },
        {
          "text": "Watch Live Event"
        },
        {
          "text": ""
        },
        {
          "text": ""
        },
        {
          "text": "Complete Registration"
        },
        {
          "text": "Subscribe & Watch Live"
        },
        {
          "text": "Do I need to register before participating?"
        },
        {
          "text": "Can I use automated scanners?"
        },
        {
          "text": "What testing approach should I use?"
        },
        {
          "text": "Are there any traffic limits?"
        },
        {
          "text": "How do I report bugs?"
        },
        {
          "text": "What happens if I break the rules?"
        }
      ],
      "inputs": [
        {
          "name": null,
          "type": "text"
        },
        {
          "name": null,
          "type": "email"
        },
        {
          "name": null,
          "type": "tel"
        },
        {
          "name": null,
          "type": "text"
        },
        {
          "name": null,
          "type": "text"
        },
        {
          "name": null,
          "type": "checkbox"
        }
      ],
      "links_in_scope": [
        "https://hackwithindia.com/#register",
        "https://hackcloth.in",
        "https://cybertegh.com",
        "https://pentesterlab.com",
        "https://www.linkedin.com/company/knight-secured-company",
        "https://www.linkedin.com/company/hackwithindiaa",
        "https://www.siliconindia.com",
        "https://www.eccu.edu",
        "https://www.bugcrowd.com",
        "https://www.linkedin.com/company/cybercia-forge",
        "https://www.instagram.com/i.m.pratikdabhi?igsh=MTVrcmwzY2Zzc2NuYQ==",
        "https://hackwithindia.com/#faq",
        "https://www.linkedin.com/in/ethicalsharmaji",
        "https://www.youtube.com/@hackwithindiaa?sub_confirmation=1",
        "https://hackwithindia.com/#",
        "https://hackwithindia.com/#main-content",
        "https://www.linkedin.com/company/securedbharatgroup",
        "https://www.offsec.com",
        "https://www.linkedin.com/in/deepak-saini-cyber",
        "https://offsec.com",
        "https://hackwithindia.com/#about",
        "https://caido.io",
        "https://hackwithindia.com/#sponsors",
        "https://www.apisecuniversity.com",
        "https://www.linkedin.com/company/globalcyberaid",
        "https://linktr.ee/htbmumbai",
        "https://www.alteredsecurity.com",
        "https://www.apisec.ai",
        "https://www.cyberx.org.in",
        "https://lovable.dev",
        "https://www.linkedin.com/in/mandal-saumadip",
        "https://hackwithindia.com/#prizes",
        "https://hackwithsingh.com",
        "https://www.youtube.com/@CyberMindSpace",
        "https://x.com/HackwithIndiaa"
      ],
      "links_out_scope": [],
      "apis_discovered": [],
      "api_calls": [],
      "network_traffic": [],
      "vision": null,
      "technologies": [],
      "libraries": [],
      "status_code": 200,
      "load_time": 6.996751070022583,
      "authenticated": false,
      "error": null
    },
    "https://pentesterlab.com/": {
      "url": "https://pentesterlab.com/",
      "title": "Master Web Hacking and Security Code Review!",
      "hash": "6095a613f4477f0db800d7561d0a13cf3f1c4ea469bc9f7ea79bff81c2f95469",
      "timestamp": "2026-01-18T07:07:57.848345",
      "text": "HOME\nGO PRO\nLIVE TRAINING\nEXERCISES\nBLOG\nLOGIN\n|\nSIGN UP\nMaster Advanced Web Hacking and In-Depth Security Code Review!\nLearn by exploiting real-world CVEs and analyzing vulnerabilities at the code level.\nDevelop the deep technical skills security engineers rely on to expertly defend and break applications. \n\ud83e\udde0\nOver 600+ hands-on labs featuring real-world vulnerabilities\n\ud83c\udfa5\nOver 700+ expert-led deep-dive videos with multilingual subtitles\n\ud83d\udd16\nCertificates of Completion to showcase technical proficiency\n\ud83d\ude0a\nFriendly expert support for a deeper learning experience\n> UNLOCK PRO ACCESS\n\nGet started today with our Free exercises! Ready for more? Go PRO and unlock expert-level content.\n\nSign Up Today!\n\nReady to enhance your team\u2019s security skills?\nDiscover why top pentest, AppSec, and red teams choose our Enterprise Offering\n\nLive Web Security Code Review and Secure Coding Trainings\n\nPentesterLab regularly hosts in-person and online code review and secure coding trainings, deep technical sessions designed to elevate your team\u2019s understanding of vulnerabilities and code-level security. Find out when we\u2019re next available!\n\n> VIEW UPCOMING SESSIONS\nWhy Learn with PentesterLab?\n\nAt PentesterLab, we don\u2019t just teach you how to hack, we ensure you deeply understand vulnerabilities at the code and logic level, building the expert knowledge you need to confidently tackle complex, real-world challenges.\n\n\ud83d\udd0d Mastery Through Manual Exploitation\n\nWe believe in the power of hands-on learning. Our labs focus on manual exploitation techniques, ensuring you truly grasp every vulnerability\u2019s inner workings... By doing it yourself, you truly grasp the intricacies of security flaws and how to exploit them effectively. This approach goes beyond simply running tools; it\u2019s about knowing what you\u2019re doing and why.\n\n\ud83d\udee0\ufe0f Build Your Own Tools\n\nIn the world of cybersecurity, relying solely on others' tools can limit your capabilities. That's why we emphasize the importance of creating your own scripts and tools, empowering you with deeper insights and greater control over your security assessments. We teach you the skills to develop your own solutions, giving you an edge in security testing and automation.\n\n\ud83d\udcda Cohesive, In-House Curriculum\n\nEvery piece of content on PentesterLab is created in-house by our expert team ensuring a cohesive, deep, and technically accurate curriculum aligned with real-world security practices. You won't find fragmented or outdated content here, only a well-structured learning path that makes sense from start to finish.\n\n\ud83d\udcfc Guided Learning with Expert Videos\n\nUnderstanding complex security concepts can be challenging. That's why we provide detailed videos for all our labs, helping you grasp the material with ease. You won't need to waste time searching for reliable resources; we've got you covered with expert-led instruction that you can trust.\n\n\ud83d\udcc8 Clear Progression from Beginner to Advanced\n\nWhether you're just starting out or looking to refine your expertise, our curriculum is designed to take you from the basics to advanced levels. We offer a well-thought-out progression that ensures you're always building on your knowledge, making continuous improvement possible.\n\n\ud83e\udd1d Trusted by Top Security Teams\n\nTrusted by world-class pentest, red, and AppSec teams. Learn precisely the skills top professionals use daily to secure critical applications against advanced threats. When you learn with PentesterLab, you're not just gaining skills, you're equipping yourself with the knowledge that top professionals use to protect and secure their organizations against advanced threats.\n\n\ud83e\uddd1\u200d\ud83d\udcbb In-Depth Code Review Training\n\nWe understand the importance of code review in application security. Our dedicated content on code review not only helps you get started but also guides you through improving your skills over time. Our videos cover the code review of labs, providing you with a deep understanding of vulnerabilities from a development perspective.\n\n\ud83d\udda5\ufe0f Everything You Need in One Place\n\nPentesterLab is your one-stop shop for all things web security. We bring together deep technical labs, real CVEs, videos, and expert content in one place, eliminating the need to search for resources elsewhere. Everything is designed to give you the best learning experience possible.\n\n\ud83e\udeb2 Real Vulnerabilities\n\nOur exercises are based on common vulnerabilities found in different systems. The issues are not emulated - we provide you real systems with real vulnerabilities.\n> LEARN FROM REAL BUGS\n\n\ud83d\udd16 Certificates of Completion\n\nOur online exercises allow you to obtain certificates of completion. Exercises are grouped into badges that you can complete to get your certificate. It allows you to easily demonstrate your knowledge and skills.\n> UNLOCK YOUR NEXT BADGE\n\n\ud83d\ude0a Friendly Support\n\nStruggling with a payload? Not able to solve an exercise? With a PRO subscription, we are here to help you. Just shoot us an email and you'll get a quick reply with all you need to know to mo",
      "meta_tags": {
        "csrf-param": "authenticity_token",
        "csrf-token": "m-cM8XYilKBrH0ijzHvpb4vSH9m5VAAUQg_lBUFwMKuAEQNX1V48vICOeRf2SNsdYUo16aLQimqQZUd_LuBPTw",
        "viewport": "width=device-width, initial-scale=1",
        "site_name": "Pentesterlab",
        "title": "Master Web Hacking and Security Code Review!",
        "twitter:title": "Master Web Hacking and Security Code Review!",
        "description": "Master advanced penetration testing and deep security code review through real-world CVEs, detailed vulnerability analysis, and expert-led code reviews. Ideal for professionals seeking expert-level understanding beyond basic exploits.",
        "twitter:description": "Master advanced penetration testing and deep security code review through real-world CVEs, detailed vulnerability analysis, and expert-led code reviews. Ideal for professionals seeking expert-level understanding beyond basic exploits.",
        "url": "https://pentesterlab.com/",
        "type": "website",
        "image": "https://pentesterlab.com/newdesign/imgs/openGraph_PTLab_Logo_home.png",
        "twitter:image": "https://pentesterlab.com/newdesign/imgs/openGraph_PTLab_Logo_home.png",
        "twitter:card": "summary_large_image",
        "twitter:site": "@PentesterLab"
      },
      "keywords": [],
      "headings": {
        "h1": [
          "MasterAdvanced Web HackingandIn-Depth Security Code Review!"
        ],
        "h2": [],
        "h3": [
          "LiveWeb SecurityCode ReviewandSecure CodingTrainings"
        ]
      },
      "forms": [],
      "buttons": [],
      "inputs": [],
      "links_in_scope": [
        "https://pentesterlab.com/badges/intercept",
        "https://pentesterlab.com",
        "https://pentesterlab.com/users/login",
        "https://infosec.exchange/@PentesterLab",
        "https://pentesterlab.com/glossary",
        "https://pentesterlab.com/badges/http",
        "https://pentesterlab.com/badges/essential",
        "https://pentesterlab.com/pro",
        "https://pentesterlab.com/blog",
        "https://bsky.app/profile/pentesterlab.com",
        "https://pentesterlab.com/users/register",
        "https://pentesterlab.com/logo",
        "https://pentesterlab.com/pro/enterprise",
        "https://pentesterlab.com/appsecschool",
        "https://pentesterlab.com/badges/auth",
        "https://pentesterlab.com/badges/introduction",
        "https://pentesterlab.com/badges/unix",
        "https://pentesterlab.com/privacy",
        "https://www.linkedin.com/company/pentesterlab",
        "https://pentesterlab.com/#bugModal",
        "https://x.com/PentesterLab",
        "https://pentesterlab.com/exercises",
        "https://pentesterlab.com/badges/codereview",
        "https://pentesterlab.com/#certsModal",
        "https://pentesterlab.com/live-training",
        "https://pentesterlab.com/bootcamp",
        "https://discord.gg/ymd3HkhbfE",
        "https://pentesterlab.com/badges/serialize",
        "https://pentesterlab.com/badges/brownbadge",
        "https://pentesterlab.com/terms"
      ],
      "links_out_scope": [],
      "apis_discovered": [],
      "api_calls": [],
      "network_traffic": [],
      "vision": null,
      "technologies": [],
      "libraries": [],
      "status_code": 200,
      "load_time": 5.07348108291626,
      "authenticated": false,
      "error": null
    }
  },
  "checkpoint_id": "1768720065_9107",
  "_metadata": {
    "saved_at": "2026-01-18T07:07:57.892921",
    "name": "1768720065_9107"
  }
}